,0
0,tt0283185
1,tt6448104
2,tt14921814
3,tt8893810
4,tt9042284
5,tt10944714
6,tt9290234
7,tt12786914
8,tt14255178
9,tt2671342
10,tt1738586
11,tt15654466
12,tt7396134
13,tt5843946
14,tt9146030
15,tt3676322
16,tt8564914
17,tt10360496
18,tt13609726
19,tt4928092
20,tt11742122
21,tt8980700
22,tt11052550
23,tt13081238
24,tt5777020
25,tt5904244
26,tt12499812
27,tt4399814
28,tt7938036
29,tt6145246
30,tt9207616
31,tt4505066
32,tt2475772
33,tt2014369
34,tt3791266
35,tt6303080
36,tt3534602
37,tt1410213
38,tt3038664
39,tt0167231
40,tt12712572
41,tt1998328
42,tt2254092
43,tt10410154
44,tt3329358
45,tt12580626
46,tt0266860
47,tt5812306
48,tt4693418
49,tt5134476
50,tt13613648
51,tt12382282
52,tt11261584
53,tt8362516
54,tt1196006
55,tt8300584
56,tt6523440
57,tt8327628
58,tt4438612
59,tt11829330
60,tt6205542
61,tt13951218
62,tt10950834
63,tt4074342
64,tt11958346
65,tt6890610
66,tt9642038
67,tt6467492
68,tt10987544
69,tt5493096
70,tt9815596
71,tt4085228
72,tt7941052
73,tt8938010
74,tt1520841
75,tt14672424
76,tt2992590
77,tt5334970
78,tt5624748
79,tt4260668
80,tt6420776
81,tt10295838
82,tt11891828
83,tt7976590
84,tt3415118
85,tt9115604
86,tt2657138
87,tt5812360
88,tt2165641
89,tt3677534
90,tt0478557
91,tt12416072
92,tt1576717
93,tt10449184
94,tt10768274
95,tt2091498
96,tt7765450
97,tt12537368
98,tt10540492
99,tt12015066
100,tt11891220
101,tt1831745
102,tt2734660
103,tt1657260
104,tt4056570
105,tt5884424
106,tt3791496
107,tt4370492
108,tt11809048
109,tt5139660
110,tt8332426
111,tt13403426
112,tt5440594
113,tt9315000
114,tt12490370
115,tt0366069
116,tt4210992
117,tt6845390
118,tt7350120
119,tt13930240
120,tt9738332
121,tt9319822
122,tt10503788
123,tt13439972
124,tt7541632
125,tt8426840
126,tt0119479
127,tt11860180
128,tt12093796
129,tt13173456
130,tt9817220
131,tt14414836
132,tt9296694
133,tt10927122
134,tt4253162
135,tt2140383
136,tt15062202
137,tt5221184
138,tt3761034
139,tt6440916
140,tt0285036
141,tt10811292
142,tt5884386
143,tt7343762
144,tt8897988
145,tt2923076
146,tt5661826
147,tt10467358
148,tt2607336
149,tt9470864
150,tt11542228
151,tt9679366
152,tt10500142
153,tt6282314
154,tt9358204
155,tt8811122
156,tt5780592
157,tt13101122
158,tt5137846
159,tt7302634
160,tt5815510
161,tt2527472
162,tt11107012
163,tt13357722
164,tt1726622
165,tt12409568
166,tt11178330
167,tt11027488
168,tt11615634
169,tt0176385
170,tt11018048
171,tt1967681
172,tt6411132
173,tt5341804
174,tt3433708
175,tt3630276
176,tt3096934
177,tt8578738
178,tt10334512
179,tt8723836
180,tt1637330
181,tt9199180
182,tt8214666
183,tt11474458
